"Occupation Title","Occupation Code","Occupation Type","2019 Employment","2019 Percent of Industry","2019 Percent of Occupation","Projected 2029 Employment","Projected 2029 Percent of Industry","Projected 2029 Percent of Occupation","Employment Change, 2019-2029","Employment Percent Change, 2019-2029","Occupation Sort","Display Level"
"Total, all occupations","=""00-0000""","Summary","728.6","100.0","0.4","758.6","100.0","0.4","30.0","4.1","","0"
"Management occupations","=""11-0000""","Summary","109.2","15.0","1.0","115.4","15.2","1.0","6.2","5.7","2","1"
"Top executives","=""11-1000""","Summary","21.9","3.0","0.8","22.4","3.0","0.8","0.5","2.3","3","2"
"Chief executives","=""11-1011""","Line Item","3.0","0.4","1.0","2.6","0.3","1.0","-0.3","-11.2","4","3"
"General and operations managers","=""11-1021""","Line Item","18.9","2.6","0.8","19.8","2.6","0.8","0.8","4.4","5","3"
"Advertising, marketing, promotions, public relations, and sales managers","=""11-2000""","Summary","9.4","1.3","1.1","9.9","1.3","1.1","0.4","4.5","7","2"
"Advertising and promotions managers","=""11-2011""","Line Item","0.1","0.0","0.4","0.1","0.0","0.4","0.0","4.5","8","3"
"Marketing and sales managers","=""11-2020""","Summary","7.8","1.1","1.1","8.1","1.1","1.1","0.4","4.6","9","3"
"Marketing managers","=""11-2021""","Line Item","4.8","0.7","1.7","5.1","0.7","1.7","0.2","4.6","10","4"
"Sales managers","=""11-2022""","Line Item","2.9","0.4","0.7","3.1","0.4","0.7","0.1","4.6","11","4"
"Public relations and fundraising managers","=""11-2030""","Line Item","1.6","0.2","1.8","1.6","0.2","1.7","0.1","4.2","12","3"
"Operations specialties managers","=""11-3000""","Summary","29.3","4.0","1.4","31.4","4.1","1.4","2.1","7.1","13","2"
"Administrative services and facilities managers","=""11-3010""","Line Item","4.0","0.5","1.2","4.1","0.5","1.2","0.2","4.5","14","3"
"Computer and information systems managers","=""11-3021""","Line Item","9.0","1.2","1.9","9.4","1.2","1.8","0.4","4.6","15","3"
"Financial managers","=""11-3031""","Line Item","7.2","1.0","1.0","8.2","1.1","1.0","1.1","15.0","16","3"
"Industrial production managers","=""11-3051""","Line Item","3.3","0.5","1.7","3.4","0.5","1.8","0.2","4.6","17","3"
"Purchasing managers","=""11-3061""","Line Item","1.8","0.2","2.3","1.9","0.2","2.4","0.1","4.6","18","3"
"Transportation, storage, and distribution managers","=""11-3071""","Line Item","0.9","0.1","0.7","1.0","0.1","0.7","0.0","4.6","19","3"
"Compensation and benefits managers","=""11-3111""","Line Item","0.3","0.0","1.5","0.3","0.0","1.4","0.0","-0.6","20","3"
"Human resources managers","=""11-3121""","Line Item","2.4","0.3","1.5","2.5","0.3","1.4","0.1","4.5","21","3"
"Training and development managers","=""11-3131""","Line Item","0.6","0.1","1.5","0.6","0.1","1.4","0.0","4.5","22","3"
"Other management occupations","=""11-9000""","Summary","48.5","6.7","1.0","51.7","6.8","1.0","3.2","6.6","23","2"
"Farmers, ranchers, and other agricultural managers","=""11-9013""","Line Item","0.1","0.0","0.0","0.1","0.0","0.0","0.0","4.6","24","3"
"Construction managers","=""11-9021""","Line Item","0.2","0.0","0.0","0.2","0.0","0.0","0.0","15.1","25","3"
"Education and childcare administrators","=""11-9030""","Summary","0.2","0.0","0.0","0.3","0.0","0.0","0.0","4.1","26","3"
"Education administrators, postsecondary","=""11-9033""","Line Item","0.1","0.0","0.0","0.1","0.0","0.0","0.0","4.0","29","4"
"Education administrators, all other","=""11-9039""","Line Item","0.2","0.0","0.3","0.2","0.0","0.3","0.0","4.0","30","4"
"Architectural and engineering managers","=""11-9041""","Line Item","11.6","1.6","5.8","12.1","1.6","6.0","0.5","4.6","31","3"
"Medical and health services managers","=""11-9111""","Line Item","4.6","0.6","1.1","5.8","0.8","1.0","1.2","25.5","35","3"
"Natural sciences managers","=""11-9121""","Line Item","20.6","2.8","28.8","21.5","2.8","28.8","0.9","4.6","36","3"
"Property, real estate, and community association managers","=""11-9141""","Line Item","0.2","0.0","0.0","0.2","0.0","0.1","0.0","4.4","38","3"
"Social and community service managers","=""11-9151""","Line Item","0.3","0.0","0.2","0.3","0.0","0.1","0.0","3.4","39","3"
"Emergency management directors","=""11-9161""","Line Item","0.1","0.0","1.2","0.1","0.0","1.2","0.0","4.6","40","3"
"Personal service managers, all other; entertainment and recreation managers, except gambling; and managers, all other","=""11-9198""","Line Item","10.6","1.5","0.9","11.1","1.5","0.9","0.5","4.4","42","3"
"Business and financial operations occupations","=""13-0000""","Summary","74.5","10.2","0.8","77.9","10.3","0.8","3.3","4.5","43","1"
"Business operations specialists","=""13-1000""","Summary","60.3","8.3","1.0","63.0","8.3","1.0","2.7","4.5","44","2"
"Buyers and purchasing agents","=""13-1020""","Line Item","5.0","0.7","1.1","4.7","0.6","1.1","-0.3","-5.9","46","3"
"Compliance officers","=""13-1041""","Line Item","7.3","1.0","2.2","7.6","1.0","2.2","0.3","4.6","50","3"
"Cost estimators","=""13-1051""","Line Item","0.5","0.1","0.2","0.5","0.1","0.2","0.0","-0.6","51","3"
"Human resources workers","=""13-1070""","Summary","5.6","0.8","0.7","5.7","0.8","0.7","0.1","2.2","52","3"
"Human resources specialists","=""13-1071""","Line Item","5.5","0.7","0.8","5.6","0.7","0.8","0.1","2.4","53","4"
"Labor relations specialists","=""13-1075""","Line Item","0.1","0.0","0.2","0.1","0.0","0.2","0.0","-4.8","55","4"
"Logisticians","=""13-1081""","Line Item","3.0","0.4","1.6","3.1","0.4","1.6","0.1","4.6","56","3"
"Management analysts","=""13-1111""","Line Item","7.0","1.0","0.8","7.3","1.0","0.7","0.3","4.4","57","3"
"Meeting, convention, and event planners","=""13-1121""","Line Item","0.8","0.1","0.6","0.8","0.1","0.6","0.0","4.0","58","3"
"Fundraisers","=""13-1131""","Line Item","1.2","0.2","1.2","1.2","0.2","1.1","0.0","3.9","59","3"
"Compensation, benefits, and job analysis specialists","=""13-1141""","Line Item","0.7","0.1","0.7","0.7","0.1","0.7","0.0","4.5","60","3"
"Training and development specialists","=""13-1151""","Line Item","2.8","0.4","0.9","3.0","0.4","0.8","0.1","4.4","61","3"
"Market research analysts and marketing specialists","=""13-1161""","Line Item","6.5","0.9","0.9","7.5","1.0","0.9","1.0","14.8","62","3"
"Project management specialists and business operations specialists, all other","=""13-1198""","Line Item","20.0","2.7","1.5","20.9","2.8","1.4","0.9","4.5","63","3"
"Financial specialists","=""13-2000""","Summary","14.2","2.0","0.5","14.8","2.0","0.5","0.6","4.3","64","2"
"Accountants and auditors","=""13-2011""","Line Item","9.2","1.3","0.6","9.6","1.3","0.6","0.4","4.5","65","3"
"Budget analysts","=""13-2031""","Line Item","1.2","0.2","2.2","1.3","0.2","2.2","0.1","4.5","67","3"
"Credit analysts","=""13-2041""","Line Item","0.1","0.0","0.2","0.1","0.0","0.2","0.0","-5.8","68","3"
"Financial and investment analysts, financial risk specialists, and financial specialists, all other","=""13-2098""","Line Item","3.6","0.5","0.7","3.7","0.5","0.7","0.2","4.3","78","3"
"Computer and mathematical occupations","=""15-0000""","Summary","89.2","12.2","1.8","97.2","12.8","1.8","8.0","9.0","79","1"
"Computer occupations","=""15-1200""","Summary","78.4","10.8","1.7","83.6","11.0","1.6","5.2","6.6","80","2"
"Computer and information analysts","=""15-1210""","Summary","14.4","2.0","1.9","15.1","2.0","1.8","0.6","4.4","81","3"
"Computer systems analysts","=""15-1211""","Line Item","10.9","1.5","1.7","10.8","1.4","1.6","-0.1","-0.7","82","4"
"Information security analysts","=""15-1212""","Line Item","3.5","0.5","2.7","4.2","0.6","2.5","0.7","20.3","83","4"
"Computer and information research scientists","=""15-1221""","Line Item","5.4","0.7","16.7","6.5","0.9","17.3","1.1","19.8","84","3"
"Computer support specialists","=""15-1230""","Summary","5.8","0.8","0.7","5.9","0.8","0.6","0.1","1.3","85","3"
"Computer network support specialists","=""15-1231""","Line Item","1.3","0.2","0.7","1.4","0.2","0.7","0.1","4.5","86","4"
"Computer user support specialists","=""15-1232""","Line Item","4.5","0.6","0.6","4.5","0.6","0.6","0.0","0.3","87","4"
"Database and network administrators and architects","=""15-1240""","Summary","10.6","1.5","1.6","10.6","1.4","1.5","0.0","0.3","88","3"
"Computer network architects","=""15-1241""","Line Item","3.2","0.4","2.0","3.2","0.4","1.9","0.0","-0.6","89","4"
"Network and computer systems administrators","=""15-1244""","Line Item","5.4","0.7","1.4","5.4","0.7","1.4","0.0","-0.7","90","4"
"Database administrators and architects","=""15-1245""","Line Item","2.0","0.3","1.5","2.0","0.3","1.4","0.1","4.5","91","4"
"Software and web developers, programmers, and testers","=""15-1250""","Summary","36.2","5.0","1.9","39.4","5.2","1.8","3.2","8.8","92","3"
"Computer programmers","=""15-1251""","Line Item","4.8","0.7","2.2","4.0","0.5","2.1","-0.8","-16.4","93","4"
"Software developers and software quality assurance analysts and testers","=""15-1256""","Line Item","30.4","4.2","2.1","34.3","4.5","1.9","3.9","13.0","94","4"
"Web developers and digital interface designers","=""15-1257""","Line Item","1.1","0.1","0.6","1.1","0.1","0.6","0.0","4.3","95","4"
"Computer occupations, all other","=""15-1299""","Line Item","6.0","0.8","1.4","6.1","0.8","1.3","0.1","2.4","96","3"
"Mathematical science occupations","=""15-2000""","Summary","10.8","1.5","5.1","13.6","1.8","5.1","2.8","26.3","97","2"
"Mathematicians","=""15-2021""","Line Item","0.4","0.1","15.2","0.5","0.1","15.4","0.0","4.5","99","3"
"Operations research analysts","=""15-2031""","Line Item","2.6","0.4","2.4","3.1","0.4","2.3","0.5","20.0","100","3"
"Statisticians","=""15-2041""","Line Item","6.6","0.9","15.4","8.6","1.1","14.9","2.0","30.6","101","3"
"Data scientists and mathematical science occupations, all other","=""15-2098""","Line Item","1.2","0.2","3.5","1.4","0.2","3.3","0.3","24.4","102","3"
"Architecture and engineering occupations","=""17-0000""","Summary","106.4","14.6","3.9","111.3","14.7","4.0","4.9","4.6","103","1"
"Architects, surveyors, and cartographers","=""17-1000""","Summary","0.3","0.0","0.2","0.4","0.0","0.2","0.0","4.4","104","2"
"Surveyors, cartographers, and photogrammetrists","=""17-1020""","Summary","0.3","0.0","0.5","0.3","0.0","0.5","0.0","4.4","108","3"
"Cartographers and photogrammetrists","=""17-1021""","Line Item","0.1","0.0","1.1","0.1","0.0","1.1","0.0","4.4","109","4"
"Surveyors","=""17-1022""","Line Item","0.2","0.0","0.3","0.2","0.0","0.4","0.0","4.4","110","4"
"Engineers","=""17-2000""","Summary","86.3","11.8","4.8","90.2","11.9","4.8","4.0","4.6","111","2"
"Aerospace engineers","=""17-2011""","Line Item","5.0","0.7","7.5","5.2","0.7","7.6","0.2","4.6","112","3"
"Agricultural engineers","=""17-2021""","Line Item","0.1","0.0","4.8","0.1","0.0","4.9","0.0","4.6","113","3"
"Bioengineers and biomedical engineers","=""17-2031""","Line Item","2.9","0.4","13.7","3.0","0.4","13.7","0.1","4.6","114","3"
"Chemical engineers","=""17-2041""","Line Item","3.2","0.4","9.8","3.3","0.4","9.8","0.1","4.6","115","3"
"Computer hardware engineers","=""17-2061""","Line Item","7.9","1.1","11.2","8.3","1.1","11.5","0.4","4.6","117","3"
"Electrical and electronics engineers","=""17-2070""","Summary","19.4","2.7","5.9","20.2","2.7","6.0","0.9","4.6","118","3"
"Electrical engineers","=""17-2071""","Line Item","10.4","1.4","5.4","10.9","1.4","5.4","0.5","4.6","119","4"
"Electronics engineers, except computer","=""17-2072""","Line Item","9.0","1.2","6.6","9.4","1.2","6.8","0.4","4.6","120","4"
"Environmental engineers","=""17-2081""","Line Item","1.2","0.2","2.1","1.2","0.2","2.1","0.1","4.6","121","3"
"Industrial engineers, including health and safety","=""17-2110""","Summary","9.7","1.3","3.0","10.1","1.3","2.9","0.4","4.6","122","3"
"Health and safety engineers, except mining safety engineers and inspectors","=""17-2111""","Line Item","1.1","0.2","4.2","1.2","0.2","4.3","0.1","4.6","123","4"
"Industrial engineers","=""17-2112""","Line Item","8.6","1.2","2.9","9.0","1.2","2.8","0.4","4.6","124","4"
"Marine engineers and naval architects","=""17-2121""","Line Item","0.6","0.1","4.7","0.6","0.1","4.8","0.0","4.6","125","3"
"Materials engineers","=""17-2131""","Line Item","2.0","0.3","7.3","2.1","0.3","7.5","0.1","4.6","126","3"
"Mechanical engineers","=""17-2141""","Line Item","17.8","2.4","5.6","18.6","2.5","5.7","0.8","4.6","127","3"
"Mining and geological engineers, including mining safety engineers","=""17-2151""","Line Item","0.2","0.0","2.4","0.2","0.0","2.4","0.0","4.6","128","3"
"Nuclear engineers","=""17-2161""","Line Item","2.3","0.3","13.7","2.4","0.3","16.4","0.1","4.6","129","3"
"Petroleum engineers","=""17-2171""","Line Item","1.2","0.2","3.6","1.3","0.2","3.7","0.1","4.6","130","3"
"Engineers, all other","=""17-2199""","Line Item","10.9","1.5","6.4","11.4","1.5","6.6","0.5","4.6","131","3"
"Drafters, engineering technicians, and mapping technicians","=""17-3000""","Summary","19.8","2.7","2.8","20.7","2.7","2.9","0.9","4.3","132","2"
"Drafters","=""17-3010""","Summary","1.2","0.2","0.6","1.2","0.2","0.6","0.0","0.1","133","3"
"Architectural and civil drafters","=""17-3011""","Line Item","0.2","0.0","0.2","0.2","0.0","0.2","0.0","4.6","134","4"
"Electrical and electronics drafters","=""17-3012""","Line Item","0.4","0.1","1.7","0.4","0.1","1.7","0.0","4.6","135","4"
"Mechanical drafters","=""17-3013""","Line Item","0.5","0.1","0.9","0.5","0.1","0.9","0.0","-5.8","136","4"
"Drafters, all other","=""17-3019""","Line Item","0.1","0.0","0.5","0.1","0.0","0.5","0.0","4.6","137","4"
"Engineering technologists and technicians, except drafters","=""17-3020""","Summary","12.4","1.7","3.5","12.9","1.7","3.6","0.6","4.6","138","3"
"Aerospace engineering and operations technologists and technicians","=""17-3021""","Line Item","1.3","0.2","11.0","1.4","0.2","10.7","0.1","4.6","139","4"
"Civil engineering technologists and technicians","=""17-3022""","Line Item","0.2","0.0","0.3","0.2","0.0","0.3","0.0","4.6","140","4"
"Electrical and electronic engineering technologists and technicians","=""17-3023""","Line Item","4.7","0.6","3.7","4.9","0.6","3.9","0.2","4.6","141","4"
"Electro-mechanical and mechatronics technologists and technicians","=""17-3024""","Line Item","1.1","0.2","7.6","1.2","0.2","7.7","0.1","4.6","142","4"
"Environmental engineering technologists and technicians","=""17-3025""","Line Item","0.7","0.1","3.7","0.7","0.1","3.6","0.0","4.6","143","4"
"Industrial engineering technologists and technicians","=""17-3026""","Line Item","1.5","0.2","2.2","1.6","0.2","2.3","0.1","4.6","144","4"
"Mechanical engineering technologists and technicians","=""17-3027""","Line Item","2.8","0.4","6.4","2.9","0.4","6.5","0.1","4.6","145","4"
"Surveying and mapping technicians","=""17-3031""","Line Item","0.3","0.0","0.4","0.3","0.0","0.4","0.0","3.9","146","3"
"Calibration technologists and technicians and engineering technologists and technicians, except drafters, all other","=""17-3098""","Line Item","6.0","0.8","6.6","6.3","0.8","6.7","0.3","4.6","147","3"
"Life, physical, and social science occupations","=""19-0000""","Summary","196.1","26.9","13.4","205.6","27.1","13.4","9.5","4.8","148","1"
"Life scientists","=""19-1000""","Summary","88.7","12.2","25.7","92.8","12.2","25.7","4.1","4.6","149","2"
"Agricultural and food scientists","=""19-1010""","Summary","3.2","0.4","9.1","3.3","0.4","9.0","0.1","4.6","150","3"
"Animal scientists","=""19-1011""","Line Item","0.4","0.1","14.4","0.4","0.1","14.2","0.0","4.6","151","4"
"Food scientists and technologists","=""19-1012""","Line Item","1.2","0.2","8.1","1.2","0.2","8.1","0.1","4.6","152","4"
"Soil and plant scientists","=""19-1013""","Line Item","1.6","0.2","9.1","1.7","0.2","9.0","0.1","4.6","153","4"
"Biological scientists","=""19-1020""","Summary","35.2","4.8","29.2","36.8","4.9","29.6","1.6","4.6","154","3"
"Biochemists and biophysicists","=""19-1021""","Line Item","19.6","2.7","56.7","20.5","2.7","57.0","0.9","4.6","155","4"
"Microbiologists","=""19-1022""","Line Item","4.7","0.6","23.3","4.9","0.7","23.6","0.2","4.6","156","4"
"Zoologists and wildlife biologists","=""19-1023""","Line Item","0.8","0.1","3.6","0.8","0.1","3.6","0.0","4.6","157","4"
"Biological scientists, all other","=""19-1029""","Line Item","10.1","1.4","22.7","10.6","1.4","23.2","0.5","4.6","158","4"
"Conservation scientists and foresters","=""19-1030""","Summary","0.2","0.0","0.6","0.2","0.0","0.6","0.0","4.4","159","3"
"Conservation scientists","=""19-1031""","Line Item","0.2","0.0","0.9","0.2","0.0","0.9","0.0","4.4","160","4"
"Medical scientists","=""19-1040""","Summary","49.3","6.8","33.7","51.5","6.8","33.2","2.3","4.6","162","3"
"Epidemiologists","=""19-1041""","Line Item","0.6","0.1","7.7","0.6","0.1","7.6","0.0","4.4","163","4"
"Medical scientists, except epidemiologists","=""19-1042""","Line Item","48.7","6.7","35.2","50.9","6.7","34.7","2.2","4.6","164","4"
"Life scientists, all other","=""19-1099""","Line Item","0.8","0.1","11.5","0.9","0.1","11.5","0.0","4.6","165","3"
"Physical scientists","=""19-2000""","Summary","28.7","3.9","10.4","29.3","3.9","10.1","0.6","2.2","166","2"
"Astronomers and physicists","=""19-2010""","Summary","6.4","0.9","31.4","7.3","1.0","33.4","0.9","13.7","167","3"
"Astronomers","=""19-2011""","Line Item","0.9","0.1","37.0","0.9","0.1","37.8","0.0","4.6","168","4"
"Physicists","=""19-2012""","Line Item","5.6","0.8","30.7","6.4","0.8","32.9","0.8","15.1","169","4"
"Atmospheric and space scientists","=""19-2021""","Line Item","1.4","0.2","13.7","1.4","0.2","13.5","0.1","4.5","170","3"
"Chemists and materials scientists","=""19-2030""","Summary","13.8","1.9","14.8","13.2","1.7","13.5","-0.6","-4.6","171","3"
"Chemists","=""19-2031""","Line Item","12.2","1.7","14.1","11.5","1.5","12.7","-0.7","-5.8","172","4"
"Materials scientists","=""19-2032""","Line Item","1.6","0.2","23.1","1.7","0.2","23.4","0.1","4.6","173","4"
"Environmental scientists and geoscientists","=""19-2040""","Summary","4.1","0.6","3.1","4.3","0.6","3.1","0.2","4.6","174","3"
"Environmental scientists and specialists, including health","=""19-2041""","Line Item","2.9","0.4","3.2","3.0","0.4","3.1","0.1","4.5","175","4"
"Geoscientists, except hydrologists and geographers","=""19-2042""","Line Item","1.0","0.1","3.3","1.1","0.1","3.3","0.0","4.6","176","4"
"Physical scientists, all other","=""19-2099""","Line Item","3.0","0.4","13.0","3.1","0.4","14.0","0.1","4.6","178","3"
"Social scientists and related workers","=""19-3000""","Summary","14.4","2.0","4.4","16.3","2.2","4.8","1.9","13.3","179","2"
"Economists","=""19-3011""","Line Item","3.7","0.5","18.2","5.5","0.7","23.6","1.8","48.4","180","3"
"Survey researchers","=""19-3022""","Line Item","1.9","0.3","15.7","1.7","0.2","14.3","-0.2","-12.3","181","3"
"Psychologists","=""19-3030""","Summary","1.0","0.1","0.5","1.1","0.1","0.5","0.0","3.7","182","3"
"Clinical, counseling, and school psychologists","=""19-3031""","Line Item","0.5","0.1","0.3","0.5","0.1","0.3","0.0","3.7","183","4"
"Industrial-organizational psychologists","=""19-3032""","Line Item","0.2","0.0","15.2","0.2","0.0","15.3","0.0","3.6","184","4"
"Psychologists, all other","=""19-3039""","Line Item","0.4","0.1","1.9","0.4","0.1","1.9","0.0","3.7","185","4"
"Sociologists","=""19-3041""","Line Item","1.3","0.2","40.8","1.3","0.2","40.6","0.0","3.1","186","3"
"Urban and regional planners","=""19-3051""","Line Item","0.1","0.0","0.2","0.1","0.0","0.2","0.0","9.2","187","3"
"Miscellaneous social scientists and related workers","=""19-3090""","Summary","6.4","0.9","10.8","6.6","0.9","11.0","0.3","4.1","188","3"
"Anthropologists and archeologists","=""19-3091""","Line Item","1.6","0.2","19.9","1.6","0.2","19.5","0.0","3.1","189","4"
"Historians","=""19-3093""","Line Item","0.3","0.0","7.5","0.3","0.0","7.5","0.0","3.1","191","4"
"Political scientists","=""19-3094""","Line Item","1.1","0.1","15.2","1.2","0.2","15.5","0.1","8.2","192","4"
"Social scientists and related workers, all other","=""19-3099""","Line Item","3.4","0.5","8.8","3.5","0.5","9.0","0.1","3.3","193","4"
"Life, physical, and social science technicians","=""19-4000""","Summary","62.6","8.6","16.1","65.3","8.6","16.0","2.7","4.4","194","2"
"Agricultural and food science technicians","=""19-4010""","Line Item","2.3","0.3","9.7","2.5","0.3","9.8","0.1","4.6","195","3"
"Biological technicians","=""19-4021""","Line Item","28.0","3.8","32.0","29.3","3.9","31.9","1.3","4.6","196","3"
"Chemical technicians","=""19-4031""","Line Item","6.3","0.9","9.2","6.6","0.9","9.4","0.3","4.6","197","3"
"Environmental science and geoscience technicians","=""19-4040""","Summary","1.5","0.2","2.8","1.6","0.2","2.7","0.1","4.4","198","3"
"Environmental science and protection technicians, including health","=""19-4042""","Line Item","1.0","0.1","2.9","1.1","0.1","2.8","0.0","4.4","199","4"
"Geological and hydrologic technicians","=""19-4045""","Line Item","0.5","0.1","2.6","0.5","0.1","2.6","0.0","4.3","200","4"
"Nuclear technicians","=""19-4051""","Line Item","0.7","0.1","10.7","0.7","0.1","13.7","0.0","4.6","201","3"
"Social science research assistants","=""19-4061""","Line Item","14.6","2.0","36.4","15.1","2.0","35.7","0.5","3.7","202","3"
"Forest and conservation technicians","=""19-4071""","Line Item","0.1","0.0","0.3","0.1","0.0","0.3","0.0","4.6","203","3"
"Miscellaneous life, physical, and social science technicians","=""19-4090""","Summary","9.1","1.2","10.3","9.5","1.2","10.1","0.4","4.4","204","3"
"Life, physical, and social science technicians, all other","=""19-4099""","Line Item","9.0","1.2","12.7","9.4","1.2","12.6","0.4","4.4","206","4"
"Occupational health and safety specialists and technicians","=""19-5000""","Summary","1.8","0.2","1.5","1.9","0.2","1.5","0.1","4.6","207","2"
"Occupational health and safety specialists","=""19-5011""","Line Item","1.6","0.2","1.6","1.6","0.2","1.6","0.1","4.6","208","3"
"Occupational health and safety technicians","=""19-5012""","Line Item","0.2","0.0","1.1","0.3","0.0","1.1","0.0","4.6","209","3"
"Community and social service occupations","=""21-0000""","Summary","3.8","0.5","0.1","4.0","0.5","0.1","0.1","3.6","210","1"
"Counselors, social workers, and other community and social service specialists","=""21-1000""","Summary","3.8","0.5","0.2","3.9","0.5","0.1","0.1","3.6","211","2"
"Counselors","=""21-1010""","Summary","1.8","0.2","0.2","1.8","0.2","0.2","0.1","3.3","212","3"
"Educational, guidance, and career counselors and advisors","=""21-1012""","Line Item","1.0","0.1","0.3","1.0","0.1","0.3","0.0","3.3","213","4"
"Rehabilitation counselors","=""21-1015""","Line Item","0.1","0.0","0.1","0.1","0.0","0.1","0.0","3.2","215","4"
"Substance abuse, behavioral disorder, and mental health counselors","=""21-1018""","Line Item","0.6","0.1","0.2","0.7","0.1","0.2","0.0","3.1","216","4"
"Counselors, all other","=""21-1019""","Line Item","0.1","0.0","0.3","0.1","0.0","0.3","0.0","4.5","217","4"
"Social workers","=""21-1020""","Summary","0.5","0.1","0.1","0.5","0.1","0.1","0.0","3.8","218","3"
"Child, family, and school social workers","=""21-1021""","Line Item","0.2","0.0","0.1","0.2","0.0","0.1","0.0","3.8","219","4"
"Healthcare social workers","=""21-1022""","Line Item","0.1","0.0","0.1","0.1","0.0","0.1","0.0","4.3","220","4"
"Mental health and substance abuse social workers","=""21-1023""","Line Item","0.1","0.0","0.1","0.1","0.0","0.1","0.0","3.6","221","4"
"Miscellaneous community and social service specialists","=""21-1090""","Summary","1.5","0.2","0.2","1.6","0.2","0.2","0.1","3.9","223","3"
"Health education specialists","=""21-1091""","Line Item","0.6","0.1","1.0","0.7","0.1","1.0","0.0","4.1","224","4"
"Social and human service assistants","=""21-1093""","Line Item","0.4","0.1","0.1","0.4","0.1","0.1","0.0","3.1","226","4"
"Community health workers","=""21-1094""","Line Item","0.4","0.1","0.7","0.4","0.1","0.6","0.0","4.2","227","4"
"Community and social service specialists, all other","=""21-1099""","Line Item","0.1","0.0","0.1","0.1","0.0","0.1","0.0","3.1","228","4"
"Legal occupations","=""23-0000""","Summary","3.9","0.5","0.3","4.6","0.6","0.3","0.7","16.9","233","1"
"Lawyers, judges, and related workers","=""23-1000""","Summary","2.9","0.4","0.3","3.5","0.5","0.4","0.5","18.1","234","2"
"Lawyers and judicial law clerks","=""23-1010""","Summary","2.9","0.4","0.4","3.4","0.5","0.4","0.5","18.1","235","3"
"Lawyers","=""23-1011""","Line Item","2.9","0.4","0.4","3.4","0.5","0.4","0.5","18.1","236","4"
"Legal support workers","=""23-2000""","Summary","1.0","0.1","0.2","1.1","0.1","0.2","0.1","13.1","242","2"
"Paralegals and legal assistants","=""23-2011""","Line Item","0.7","0.1","0.2","0.8","0.1","0.2","0.1","17.0","243","3"
"Miscellaneous legal support workers","=""23-2090""","Summary","0.3","0.0","0.3","0.3","0.0","0.3","0.0","4.5","244","3"
"Title examiners, abstractors, and searchers","=""23-2093""","Line Item","0.2","0.0","0.3","0.2","0.0","0.3","0.0","4.6","245","4"
"Legal support workers, all other","=""23-2099""","Line Item","0.1","0.0","0.2","0.1","0.0","0.2","0.0","4.3","246","4"
"Educational instruction and library occupations","=""25-0000""","Summary","5.6","0.8","0.1","5.9","0.8","0.1","0.2","4.0","247","1"
"Postsecondary teachers","=""25-1000""","Summary","0.6","0.1","0.0","0.6","0.1","0.0","0.1","8.7","248","2"
"Life sciences teachers, postsecondary","=""25-1040""","Summary","0.4","0.1","0.5","0.4","0.1","0.5","0.0","9.8","256","3"
"Biological science teachers, postsecondary","=""25-1042""","Line Item","0.4","0.1","0.6","0.4","0.1","0.6","0.0","9.8","258","4"
"Chemistry teachers, postsecondary","=""25-1052""","Line Item","0.1","0.0","0.2","0.1","0.0","0.2","0.0","4.6","262","4"
"Preschool, elementary, middle, secondary, and special education teachers","=""25-2000""","Summary","0.2","0.0","0.0","0.2","0.0","0.0","0.0","3.3","296","2"
"Preschool and kindergarten teachers","=""25-2010""","Summary","0.1","0.0","0.0","0.1","0.0","0.0","0.0","3.6","297","3"
"Preschool teachers, except special education","=""25-2011""","Line Item","0.1","0.0","0.0","0.1","0.0","0.0","0.0","3.9","298","4"
"Other teachers and instructors","=""25-3000""","Summary","1.9","0.3","0.1","2.0","0.3","0.1","0.1","3.2","313","2"
"Tutors and teachers and instructors, all other","=""25-3097""","Line Item","1.9","0.3","0.5","2.0","0.3","0.4","0.1","3.2","317","3"
"Librarians, curators, and archivists","=""25-4000""","Summary","0.9","0.1","0.3","1.0","0.1","0.3","0.0","4.3","318","2"
"Archivists, curators, and museum technicians","=""25-4010""","Summary","0.2","0.0","0.6","0.3","0.0","0.6","0.0","4.2","319","3"
"Archivists","=""25-4011""","Line Item","0.2","0.0","2.4","0.2","0.0","2.4","0.0","4.3","320","4"
"Librarians and media collections specialists","=""25-4022""","Line Item","0.5","0.1","0.3","0.5","0.1","0.3","0.0","4.3","323","3"
"Library technicians","=""25-4031""","Line Item","0.2","0.0","0.2","0.2","0.0","0.2","0.0","4.5","324","3"
"Other educational instruction and library occupations","=""25-9000""","Summary","2.0","0.3","0.1","2.1","0.3","0.1","0.1","3.4","325","2"
"Instructional coordinators","=""25-9031""","Line Item","1.7","0.2","0.9","1.8","0.2","0.9","0.1","3.3","327","3"
"Teaching assistants","=""25-9040""","Summary","0.2","0.0","0.0","0.2","0.0","0.0","0.0","3.9","328","3"
"Teaching assistants, postsecondary","=""25-9044""","Line Item","0.1","0.0","0.0","0.1","0.0","0.0","0.0","4.6","329","4"
"Teaching assistants, except postsecondary","=""25-9045""","Line Item","0.1","0.0","0.0","0.2","0.0","0.0","0.0","3.6","330","4"
"Educational instruction and library workers, all other","=""25-9099""","Line Item","0.1","0.0","0.1","0.1","0.0","0.1","0.0","3.4","331","3"
"Arts, design, entertainment, sports, and media occupations","=""27-0000""","Summary","9.9","1.4","0.3","10.3","1.4","0.3","0.4","4.4","332","1"
"Art and design workers","=""27-1000""","Summary","1.6","0.2","0.2","1.7","0.2","0.2","0.1","4.3","333","2"
"Artists and related workers","=""27-1010""","Summary","0.3","0.0","0.1","0.3","0.0","0.1","0.0","4.1","334","3"
"Art directors","=""27-1011""","Line Item","0.1","0.0","0.1","0.1","0.0","0.1","0.0","3.8","335","4"
"Special effects artists and animators","=""27-1014""","Line Item","0.1","0.0","0.1","0.1","0.0","0.1","0.0","4.4","338","4"
"Designers","=""27-1020""","Summary","1.4","0.2","0.2","1.5","0.2","0.2","0.1","4.3","340","3"
"Commercial and industrial designers","=""27-1021""","Line Item","0.4","0.1","0.9","0.4","0.1","1.0","0.0","4.5","341","4"
"Graphic designers","=""27-1024""","Line Item","1.0","0.1","0.3","1.0","0.1","0.4","0.0","4.3","344","4"
"Entertainers and performers, sports and related workers","=""27-2000""","Summary","0.3","0.0","0.0","0.3","0.0","0.0","0.0","4.2","349","2"
"Actors, producers, and directors","=""27-2010""","Summary","0.3","0.0","0.1","0.3","0.0","0.1","0.0","4.3","350","3"
"Producers and directors","=""27-2012""","Line Item","0.1","0.0","0.1","0.1","0.0","0.1","0.0","3.9","352","4"
"Media and communication workers","=""27-3000""","Summary","7.7","1.1","1.0","8.0","1.1","1.0","0.3","4.3","364","2"
"Public relations specialists","=""27-3031""","Line Item","3.3","0.5","1.2","3.4","0.5","1.2","0.1","4.1","367","3"
"Writers and editors","=""27-3040""","Summary","4.3","0.6","1.4","4.4","0.6","1.5","0.2","4.3","368","3"
"Editors","=""27-3041""","Line Item","1.2","0.2","1.0","1.2","0.2","1.1","0.0","3.8","369","4"
"Technical writers","=""27-3042""","Line Item","2.7","0.4","4.7","2.9","0.4","4.5","0.1","4.6","370","4"
"Writers and authors","=""27-3043""","Line Item","0.3","0.0","0.2","0.3","0.0","0.3","0.0","4.2","371","4"
"Miscellaneous media and communication workers","=""27-3090""","Summary","0.1","0.0","0.1","0.1","0.0","0.1","0.0","7.3","372","3"
"Interpreters and translators","=""27-3091""","Line Item","0.1","0.0","0.1","0.1","0.0","0.1","0.0","9.6","373","4"
"Media and communication workers, all other","=""27-3099""","Line Item","0.1","0.0","0.2","0.1","0.0","0.2","0.0","4.2","375","4"
"Media and communication equipment workers","=""27-4000""","Summary","0.3","0.0","0.1","0.4","0.0","0.1","0.0","7.1","376","2"
"Audio and video technicians","=""27-4011""","Line Item","0.1","0.0","0.1","0.1","0.0","0.1","0.0","11.7","377","3"
"Photographers","=""27-4021""","Line Item","0.1","0.0","0.1","0.1","0.0","0.1","0.0","4.5","380","3"
"Television, video, and film camera operators and editors","=""27-4030""","Summary","0.1","0.0","0.1","0.1","0.0","0.1","0.0","5.6","381","3"
"Healthcare practitioners and technical occupations","=""29-0000""","Summary","17.0","2.3","0.2","17.8","2.3","0.2","0.8","4.5","385","1"
"Healthcare diagnosing or treating practitioners","=""29-1000""","Summary","6.1","0.8","0.1","6.4","0.8","0.1","0.3","4.6","386","2"
"Dietitians and nutritionists","=""29-1031""","Line Item","0.1","0.0","0.2","0.1","0.0","0.2","0.0","4.4","394","3"
"Pharmacists","=""29-1051""","Line Item","0.2","0.0","0.1","0.2","0.0","0.1","0.0","4.6","396","3"
"Physician assistants","=""29-1071""","Line Item","0.3","0.0","0.3","0.3","0.0","0.2","0.0","4.6","397","3"
"Therapists","=""29-1120""","Summary","0.1","0.0","0.0","0.2","0.0","0.0","0.0","4.6","399","3"
"Veterinarians","=""29-1131""","Line Item","0.4","0.1","0.4","0.4","0.1","0.4","0.0","4.6","408","3"
"Registered nurses","=""29-1141""","Line Item","2.9","0.4","0.1","3.1","0.4","0.1","0.1","4.6","409","3"
"Nurse practitioners","=""29-1171""","Line Item","0.6","0.1","0.3","0.6","0.1","0.2","0.0","4.6","412","3"
"Family medicine physicians","=""29-1215""","Line Item","0.1","0.0","0.1","0.1","0.0","0.1","0.0","4.6","415","3"
"Physicians, all other; and ophthalmologists, except pediatric","=""29-1228""","Line Item","1.1","0.2","0.3","1.2","0.2","0.3","0.1","4.6","420","3"
"Miscellaneous healthcare diagnosing or treating practitioners","=""29-1290""","Summary","0.1","0.0","0.0","0.1","0.0","0.0","0.0","4.6","422","3"
"Health technologists and technicians","=""29-2000""","Summary","10.3","1.4","0.3","10.7","1.4","0.3","0.5","4.4","425","2"
"Clinical laboratory technologists and technicians","=""29-2010""","Line Item","7.0","1.0","2.1","7.4","1.0","2.0","0.3","4.6","426","3"
"Radiologic technologists and technicians","=""29-2034""","Line Item","0.2","0.0","0.1","0.2","0.0","0.1","0.0","4.6","430","3"
"Emergency medical technicians and paramedics","=""29-2040""","Line Item","0.2","0.0","0.1","0.2","0.0","0.1","0.0","4.6","432","3"
"Health practitioner support technologists and technicians","=""29-2050""","Summary","1.4","0.2","0.2","1.5","0.2","0.2","0.1","4.6","433","3"
"Pharmacy technicians","=""29-2052""","Line Item","0.1","0.0","0.0","0.1","0.0","0.0","0.0","4.6","435","4"
"Veterinary technologists and technicians","=""29-2056""","Line Item","1.0","0.1","0.9","1.0","0.1","0.8","0.0","4.6","438","4"
"Licensed practical and licensed vocational nurses","=""29-2061""","Line Item","0.2","0.0","0.0","0.2","0.0","0.0","0.0","4.6","440","3"
"Medical dosimetrists, medical records specialists, and health technologists and technicians, all other","=""29-2098""","Line Item","0.9","0.1","0.3","0.9","0.1","0.2","0.0","2.5","444","3"
"Other healthcare practitioners and technical occupations","=""29-9000""","Summary","0.6","0.1","0.7","0.7","0.1","0.6","0.0","5.4","445","2"
"Genetic counselors","=""29-9092""","Line Item","0.1","0.0","2.0","0.1","0.0","1.9","0.0","15.1","447","3"
"Health information technologists, medical registrars, surgical assistants, and healthcare practitioners and technical workers, all other","=""29-9098""","Line Item","0.6","0.1","0.9","0.6","0.1","0.9","0.0","4.5","448","3"
"Healthcare support occupations","=""31-0000""","Summary","6.0","0.8","0.1","6.3","0.8","0.1","0.3","4.6","449","1"
"Home health and personal care aides; and nursing assistants, orderlies, and psychiatric aides","=""31-1100""","Summary","0.4","0.1","0.0","0.4","0.1","0.0","0.0","4.6","450","2"
"Nursing assistants, orderlies, and psychiatric aides","=""31-1130""","Summary","0.4","0.1","0.0","0.4","0.1","0.0","0.0","4.6","452","3"
"Nursing assistants","=""31-1131""","Line Item","0.4","0.1","0.0","0.4","0.1","0.0","0.0","4.6","453","4"
"Other healthcare support occupations","=""31-9000""","Summary","5.7","0.8","0.3","5.9","0.8","0.3","0.3","4.6","463","2"
"Miscellaneous healthcare support occupations","=""31-9090""","Summary","5.7","0.8","0.4","5.9","0.8","0.3","0.3","4.6","465","3"
"Medical assistants","=""31-9092""","Line Item","0.6","0.1","0.1","0.6","0.1","0.1","0.0","4.5","467","4"
"Medical equipment preparers","=""31-9093""","Line Item","0.5","0.1","0.8","0.5","0.1","0.8","0.0","4.6","468","4"
"Veterinary assistants and laboratory animal caretakers","=""31-9096""","Line Item","3.4","0.5","3.4","3.6","0.5","3.1","0.2","4.6","471","4"
"Phlebotomists","=""31-9097""","Line Item","0.9","0.1","0.6","0.9","0.1","0.6","0.0","4.6","472","4"
"Healthcare support workers, all other","=""31-9099""","Line Item","0.3","0.0","0.3","0.3","0.0","0.3","0.0","4.6","473","4"
"Protective service occupations","=""33-0000""","Summary","2.5","0.3","0.1","2.5","0.3","0.1","0.0","0.5","474","1"
"Supervisors of protective service workers","=""33-1000""","Summary","0.3","0.0","0.1","0.3","0.0","0.1","0.0","0.5","475","2"
"First-line supervisors of firefighting and prevention workers","=""33-1021""","Line Item","0.1","0.0","0.1","0.1","0.0","0.1","0.0","4.6","479","3"
"Miscellaneous first-line supervisors, protective service workers","=""33-1090""","Line Item","0.2","0.0","0.3","0.2","0.0","0.3","0.0","-0.6","480","3"
"Firefighting and prevention workers","=""33-2000""","Summary","0.1","0.0","0.0","0.2","0.0","0.0","0.0","4.6","481","2"
"Firefighters","=""33-2011""","Line Item","0.1","0.0","0.0","0.1","0.0","0.0","0.0","4.6","482","3"
"Other protective service workers","=""33-9000""","Summary","2.0","0.3","0.1","2.0","0.3","0.1","0.0","0.2","496","2"
"Security guards and gambling surveillance officers","=""33-9030""","Summary","1.7","0.2","0.1","1.7","0.2","0.1","0.0","-0.6","499","3"
"Security guards","=""33-9032""","Line Item","1.7","0.2","0.1","1.7","0.2","0.1","0.0","-0.6","501","4"
"Miscellaneous protective service workers","=""33-9090""","Summary","0.3","0.0","0.1","0.3","0.0","0.1","0.0","4.6","502","3"
"School bus monitors and protective service workers, all other","=""33-9098""","Line Item","0.3","0.0","0.2","0.3","0.0","0.2","0.0","4.6","506","4"
"Food preparation and serving related occupations","=""35-0000""","Summary","0.4","0.1","0.0","0.4","0.1","0.0","0.0","4.8","507","1"
"Supervisors of food preparation and serving workers","=""35-1000""","Summary","0.1","0.0","0.0","0.1","0.0","0.0","0.0","4.2","508","2"
"Cooks and food preparation workers","=""35-2000""","Summary","0.2","0.0","0.0","0.2","0.0","0.0","0.0","5.2","511","2"
"Cooks","=""35-2010""","Summary","0.1","0.0","0.0","0.1","0.0","0.0","0.0","5.9","512","3"
"Food preparation workers","=""35-2021""","Line Item","0.1","0.0","0.0","0.1","0.0","0.0","0.0","4.4","519","3"
"Food and beverage serving workers","=""35-3000""","Summary","0.1","0.0","0.0","0.1","0.0","0.0","0.0","4.6","520","2"
"Fast food and counter workers","=""35-3023""","Line Item","0.1","0.0","0.0","0.1","0.0","0.0","0.0","4.6","522","3"
"Building and grounds cleaning and maintenance occupations","=""37-0000""","Summary","2.8","0.4","0.0","2.9","0.4","0.0","0.1","4.4","530","1"
"Supervisors of building and grounds cleaning and maintenance workers","=""37-1000""","Summary","0.1","0.0","0.0","0.1","0.0","0.0","0.0","4.3","531","2"
"First-line supervisors of housekeeping and janitorial workers","=""37-1011""","Line Item","0.1","0.0","0.1","0.1","0.0","0.0","0.0","4.3","532","3"
"Building cleaning and pest control workers","=""37-2000""","Summary","2.4","0.3","0.1","2.5","0.3","0.1","0.1","4.4","534","2"
"Building cleaning workers","=""37-2010""","Summary","2.4","0.3","0.1","2.5","0.3","0.1","0.1","4.4","535","3"
"Janitors and cleaners, except maids and housekeeping cleaners","=""37-2011""","Line Item","2.2","0.3","0.1","2.3","0.3","0.1","0.1","4.4","536","4"
"Maids and housekeeping cleaners","=""37-2012""","Line Item","0.2","0.0","0.0","0.2","0.0","0.0","0.0","4.4","537","4"
"Grounds maintenance workers","=""37-3000""","Summary","0.3","0.0","0.0","0.3","0.0","0.0","0.0","4.3","540","2"
"Landscaping and groundskeeping workers","=""37-3011""","Line Item","0.3","0.0","0.0","0.3","0.0","0.0","0.0","4.4","541","3"
"Personal care and service occupations","=""39-0000""","Summary","1.7","0.2","0.0","1.8","0.2","0.0","0.1","4.4","545","1"
"Supervisors of personal care and service workers","=""39-1000""","Summary","0.1","0.0","0.0","0.1","0.0","0.0","0.0","4.6","546","2"
"First-line supervisors of personal service and entertainment and recreation workers, except gambling services","=""39-1098""","Line Item","0.1","0.0","0.0","0.1","0.0","0.0","0.0","4.6","548","3"
"Animal care and service workers","=""39-2000""","Summary","1.2","0.2","0.3","1.3","0.2","0.3","0.1","4.6","549","2"
"Animal trainers","=""39-2011""","Line Item","0.1","0.0","0.2","0.1","0.0","0.2","0.0","4.6","550","3"
"Animal caretakers","=""39-2021""","Line Item","1.1","0.2","0.4","1.2","0.2","0.3","0.1","4.6","551","3"
"Tour and travel guides","=""39-7000""","Summary","0.1","0.0","0.2","0.1","0.0","0.2","0.0","3.6","579","2"
"Tour and travel guides","=""39-7010""","Line Item","0.1","0.0","0.2","0.1","0.0","0.2","0.0","3.6","580","3"
"Childcare workers","=""39-9011""","Line Item","0.1","0.0","0.0","0.1","0.0","0.0","0.0","3.9","581","2"
"Recreation and fitness workers","=""39-9030""","Summary","0.1","0.0","0.0","0.1","0.0","0.0","0.0","3.7","582","2"
"Sales and related occupations","=""41-0000""","Summary","10.5","1.4","0.1","10.9","1.4","0.1","0.5","4.5","587","1"
"Supervisors of sales workers","=""41-1000""","Summary","0.4","0.1","0.0","0.4","0.1","0.0","0.0","4.5","588","2"
"First-line supervisors of retail sales workers","=""41-1011""","Line Item","0.1","0.0","0.0","0.1","0.0","0.0","0.0","4.6","589","3"
"First-line supervisors of non-retail sales workers","=""41-1012""","Line Item","0.3","0.0","0.1","0.3","0.0","0.1","0.0","4.5","590","3"
"Sales representatives, services","=""41-3000""","Summary","2.4","0.3","0.1","2.5","0.3","0.1","0.1","4.3","599","2"
"Sales representatives of services, except advertising, insurance, financial services, and travel","=""41-3091""","Line Item","2.3","0.3","0.2","2.4","0.3","0.2","0.1","4.3","604","3"
"Sales representatives, wholesale and manufacturing","=""41-4000""","Summary","6.6","0.9","0.4","6.9","0.9","0.4","0.3","4.6","605","2"
"Sales representatives, wholesale and manufacturing, technical and scientific products","=""41-4011""","Line Item","5.1","0.7","1.6","5.4","0.7","1.6","0.2","4.6","606","3"
"Sales representatives, wholesale and manufacturing, except technical and scientific products","=""41-4012""","Line Item","1.4","0.2","0.1","1.5","0.2","0.1","0.1","4.6","607","3"
"Other sales and related workers","=""41-9000""","Summary","1.1","0.2","0.1","1.2","0.2","0.1","0.0","4.4","608","2"
"Sales engineers","=""41-9031""","Line Item","0.9","0.1","1.5","1.0","0.1","1.4","0.0","4.6","615","3"
"Miscellaneous sales and related workers","=""41-9090""","Summary","0.1","0.0","0.1","0.1","0.0","0.1","0.0","4.6","617","3"
"Sales and related workers, all other","=""41-9099""","Line Item","0.1","0.0","0.1","0.1","0.0","0.1","0.0","4.6","619","4"
"Office and administrative support occupations","=""43-0000""","Summary","60.8","8.3","0.3","55.4","7.3","0.3","-5.4","-8.8","620","1"
"Supervisors of office and administrative support workers","=""43-1000""","Summary","4.7","0.6","0.3","4.4","0.6","0.3","-0.3","-6.1","621","2"
"First-line supervisors of office and administrative support workers","=""43-1011""","Line Item","4.7","0.6","0.3","4.4","0.6","0.3","-0.3","-6.1","622","3"
"Financial clerks","=""43-3000""","Summary","5.6","0.8","0.2","5.3","0.7","0.2","-0.3","-6.0","627","2"
"Bill and account collectors","=""43-3011""","Line Item","0.3","0.0","0.1","0.2","0.0","0.1","0.0","-5.9","628","3"
"Billing and posting clerks","=""43-3021""","Line Item","0.6","0.1","0.1","0.6","0.1","0.1","0.0","-5.9","629","3"
"Bookkeeping, accounting, and auditing clerks","=""43-3031""","Line Item","3.8","0.5","0.2","3.6","0.5","0.2","-0.2","-6.0","630","3"
"Payroll and timekeeping clerks","=""43-3051""","Line Item","0.5","0.1","0.3","0.4","0.1","0.3","0.0","-6.0","632","3"
"Procurement clerks","=""43-3061""","Line Item","0.5","0.1","0.7","0.5","0.1","0.8","0.0","-6.0","633","3"
"Information and record clerks","=""43-4000""","Summary","8.2","1.1","0.1","7.8","1.0","0.1","-0.4","-4.9","636","2"
"Customer service representatives","=""43-4051""","Line Item","3.4","0.5","0.1","3.2","0.4","0.1","-0.2","-6.0","641","3"
"File clerks","=""43-4071""","Line Item","0.5","0.1","0.5","0.4","0.1","0.5","-0.1","-16.3","643","3"
"Interviewers, except eligibility and loan","=""43-4111""","Line Item","1.8","0.3","0.9","1.8","0.2","0.9","0.0","-1.7","645","3"
"Order clerks","=""43-4151""","Line Item","0.2","0.0","0.1","0.2","0.0","0.2","0.0","-5.8","649","3"
"Human resources assistants, except payroll and timekeeping","=""43-4161""","Line Item","0.5","0.1","0.4","0.5","0.1","0.4","0.0","-6.0","650","3"
"Receptionists and information clerks","=""43-4171""","Line Item","1.0","0.1","0.1","1.0","0.1","0.1","-0.1","-6.0","651","3"
"Information and record clerks, all other","=""43-4199""","Line Item","0.6","0.1","0.3","0.6","0.1","0.3","0.0","3.6","653","3"
"Material recording, scheduling, dispatching, and distributing workers","=""43-5000""","Summary","4.5","0.6","0.2","4.6","0.6","0.2","0.0","0.9","654","2"
"Dispatchers","=""43-5030""","Summary","0.1","0.0","0.0","0.1","0.0","0.0","0.0","3.0","657","3"
"Public safety telecommunicators","=""43-5031""","Line Item","0.1","0.0","0.1","0.1","0.0","0.1","0.0","4.6","658","4"
"Production, planning, and expediting clerks","=""43-5061""","Line Item","2.7","0.4","0.7","2.8","0.4","0.7","0.1","4.6","665","3"
"Shipping, receiving, and inventory clerks","=""43-5071""","Line Item","1.6","0.2","0.2","1.5","0.2","0.2","-0.1","-5.9","666","3"
"Weighers, measurers, checkers, and samplers, recordkeeping","=""43-5111""","Line Item","0.1","0.0","0.2","0.1","0.0","0.2","0.0","4.6","667","3"
"Secretaries and administrative assistants","=""43-6000""","Summary","23.5","3.2","0.6","20.0","2.6","0.6","-3.5","-14.9","668","2"
"Executive secretaries and executive administrative assistants","=""43-6011""","Line Item","9.3","1.3","1.6","7.3","1.0","1.5","-2.0","-21.7","669","3"
"Legal secretaries and administrative assistants","=""43-6012""","Line Item","0.1","0.0","0.1","0.1","0.0","0.1","0.0","-21.5","670","3"
"Medical secretaries and administrative assistants","=""43-6013""","Line Item","0.7","0.1","0.1","0.8","0.1","0.1","0.0","4.4","671","3"
"Secretaries and administrative assistants, except legal, medical, and executive","=""43-6014""","Line Item","13.4","1.8","0.6","11.9","1.6","0.6","-1.5","-11.3","672","3"
"Other office and administrative support workers","=""43-9000""","Summary","14.2","1.9","0.4","13.3","1.8","0.4","-0.9","-6.0","673","2"
"Data entry and information processing workers","=""43-9020""","Summary","0.8","0.1","0.3","0.6","0.1","0.3","-0.2","-27.7","674","3"
"Data entry keyers","=""43-9021""","Line Item","0.7","0.1","0.4","0.5","0.1","0.4","-0.2","-26.8","675","4"
"Word processors and typists","=""43-9022""","Line Item","0.1","0.0","0.1","0.0","0.0","0.1","0.0","-37.6","676","4"
"Mail clerks and mail machine operators, except postal service","=""43-9051""","Line Item","0.1","0.0","0.2","0.1","0.0","0.2","0.0","-6.1","679","3"
"Office clerks, general","=""43-9061""","Line Item","11.4","1.6","0.4","10.7","1.4","0.4","-0.7","-6.1","680","3"
"Office machine operators, except computer","=""43-9071""","Line Item","0.1","0.0","0.1","0.0","0.0","0.1","0.0","-16.7","681","3"
"Statistical assistants","=""43-9111""","Line Item","0.9","0.1","8.2","0.9","0.1","8.1","0.0","4.5","683","3"
"Office and administrative support workers, all other","=""43-9199""","Line Item","0.8","0.1","0.4","0.9","0.1","0.4","0.0","4.4","684","3"
"Farming, fishing, and forestry occupations","=""45-0000""","Summary","1.2","0.2","0.1","1.2","0.2","0.1","0.0","1.9","685","1"
"Supervisors of farming, fishing, and forestry workers","=""45-1000""","Summary","0.1","0.0","0.3","0.1","0.0","0.3","0.0","4.6","686","2"
"First-line supervisors of farming, fishing, and forestry workers","=""45-1011""","Line Item","0.1","0.0","0.3","0.1","0.0","0.3","0.0","4.6","687","3"
"Agricultural workers","=""45-2000""","Summary","1.0","0.1","0.1","1.1","0.1","0.1","0.0","1.5","688","2"
"Miscellaneous agricultural workers","=""45-2090""","Summary","0.8","0.1","0.1","0.8","0.1","0.1","0.0","0.8","692","3"
"Agricultural equipment operators","=""45-2091""","Line Item","0.1","0.0","0.1","0.1","0.0","0.1","0.0","4.6","693","4"
"Farmworkers and laborers, crop, nursery, and greenhouse","=""45-2092""","Line Item","0.4","0.1","0.1","0.4","0.1","0.1","0.0","-0.6","694","4"
"Farmworkers, farm, ranch, and aquacultural animals","=""45-2093""","Line Item","0.2","0.0","0.1","0.2","0.0","0.1","0.0","-0.6","695","4"
"Construction and extraction occupations","=""47-0000""","Summary","2.1","0.3","0.0","2.2","0.3","0.0","0.1","4.6","706","1"
"Supervisors of construction and extraction workers","=""47-1000""","Summary","0.3","0.0","0.0","0.3","0.0","0.0","0.0","4.6","707","2"
"First-line supervisors of construction trades and extraction workers","=""47-1011""","Line Item","0.3","0.0","0.0","0.3","0.0","0.0","0.0","4.6","708","3"
"Construction trades workers","=""47-2000""","Summary","1.4","0.2","0.0","1.5","0.2","0.0","0.1","4.6","709","2"
"Carpenters","=""47-2031""","Line Item","0.2","0.0","0.0","0.2","0.0","0.0","0.0","4.6","714","3"
"Electricians","=""47-2111""","Line Item","0.6","0.1","0.1","0.6","0.1","0.1","0.0","4.6","731","3"
"Painters and paperhangers","=""47-2140""","Summary","0.1","0.0","0.0","0.1","0.0","0.0","0.0","4.6","736","3"
"Painters, construction and maintenance","=""47-2141""","Line Item","0.1","0.0","0.0","0.1","0.0","0.0","0.0","4.6","737","4"
"Pipelayers, plumbers, pipefitters, and steamfitters","=""47-2150""","Summary","0.3","0.0","0.0","0.3","0.0","0.1","0.0","4.6","739","3"
"Plumbers, pipefitters, and steamfitters","=""47-2152""","Line Item","0.3","0.0","0.1","0.3","0.0","0.1","0.0","4.6","741","4"
"Sheet metal workers","=""47-2211""","Line Item","0.1","0.0","0.1","0.1","0.0","0.1","0.0","4.6","745","3"
"Other construction and related workers","=""47-4000""","Summary","0.3","0.0","0.1","0.3","0.0","0.1","0.0","4.6","756","2"
"Hazardous materials removal workers","=""47-4041""","Line Item","0.2","0.0","0.5","0.2","0.0","0.5","0.0","4.6","760","3"
"Extraction workers","=""47-5000""","Summary","0.2","0.0","0.1","0.2","0.0","0.1","0.0","4.6","765","2"
"Earth drillers, except oil and gas; and explosives workers, ordnance handling experts, and blasters","=""47-5097""","Line Item","0.1","0.0","0.3","0.1","0.0","0.3","0.0","4.6","777","3"
"Installation, maintenance, and repair occupations","=""49-0000""","Summary","8.2","1.1","0.1","8.5","1.1","0.1","0.4","4.5","779","1"
"Supervisors of installation, maintenance, and repair workers","=""49-1000""","Summary","0.8","0.1","0.2","0.8","0.1","0.2","0.0","4.6","780","2"
"First-line supervisors of mechanics, installers, and repairers","=""49-1011""","Line Item","0.8","0.1","0.2","0.8","0.1","0.2","0.0","4.6","781","3"
"Electrical and electronic equipment mechanics, installers, and repairers","=""49-2000""","Summary","1.3","0.2","0.2","1.4","0.2","0.2","0.1","4.6","782","2"
"Radio and telecommunications equipment installers and repairers","=""49-2020""","Summary","0.2","0.0","0.1","0.2","0.0","0.1","0.0","4.6","784","3"
"Telecommunications equipment installers and repairers, except line installers","=""49-2022""","Line Item","0.2","0.0","0.1","0.2","0.0","0.1","0.0","4.6","786","4"
"Miscellaneous electrical and electronic equipment mechanics, installers, and repairers","=""49-2090""","Summary","1.1","0.1","0.4","1.1","0.1","0.4","0.0","4.6","787","3"
"Avionics technicians","=""49-2091""","Line Item","0.4","0.1","1.9","0.5","0.1","2.0","0.0","4.6","788","4"
"Electrical and electronics repairers, commercial and industrial equipment","=""49-2094""","Line Item","0.6","0.1","0.9","0.6","0.1","0.9","0.0","4.6","791","4"
"Vehicle and mobile equipment mechanics, installers, and repairers","=""49-3000""","Summary","0.7","0.1","0.0","0.8","0.1","0.0","0.0","4.6","796","2"
"Aircraft mechanics and service technicians","=""49-3011""","Line Item","0.2","0.0","0.1","0.2","0.0","0.1","0.0","4.6","797","3"
"Automotive technicians and repairers","=""49-3020""","Summary","0.4","0.1","0.0","0.5","0.1","0.1","0.0","4.6","798","3"
"Automotive service technicians and mechanics","=""49-3023""","Line Item","0.4","0.1","0.1","0.5","0.1","0.1","0.0","4.6","801","4"
"Heavy vehicle and mobile equipment service technicians and mechanics","=""49-3040""","Summary","0.1","0.0","0.0","0.1","0.0","0.0","0.0","4.6","803","3"
"Other installation, maintenance, and repair occupations","=""49-9000""","Summary","5.3","0.7","0.2","5.6","0.7","0.2","0.2","4.5","815","2"
"Heating, air conditioning, and refrigeration mechanics and installers","=""49-9021""","Line Item","0.4","0.1","0.1","0.5","0.1","0.1","0.0","4.6","819","3"
"Industrial machinery installation, repair, and maintenance workers","=""49-9040""","Summary","0.8","0.1","0.2","0.8","0.1","0.1","0.0","4.6","821","3"
"Industrial machinery mechanics","=""49-9041""","Line Item","0.5","0.1","0.1","0.5","0.1","0.1","0.0","4.6","822","4"
"Maintenance workers, machinery","=""49-9043""","Line Item","0.2","0.0","0.2","0.2","0.0","0.2","0.0","4.6","823","4"
"Millwrights","=""49-9044""","Line Item","0.1","0.0","0.3","0.1","0.0","0.3","0.0","4.6","824","4"
"Precision instrument and equipment repairers","=""49-9060""","Summary","0.3","0.0","0.4","0.3","0.0","0.4","0.0","4.5","829","3"
"Medical equipment repairers","=""49-9062""","Line Item","0.2","0.0","0.4","0.2","0.0","0.4","0.0","4.4","831","4"
"Precision instrument and equipment repairers, all other","=""49-9069""","Line Item","0.1","0.0","1.0","0.1","0.0","1.0","0.0","4.6","834","4"
"Maintenance and repair workers, general","=""49-9071""","Line Item","3.5","0.5","0.2","3.7","0.5","0.2","0.2","4.6","835","3"
"Miscellaneous installation, maintenance, and repair workers","=""49-9090""","Summary","0.2","0.0","0.1","0.2","0.0","0.1","0.0","1.9","837","3"
"Helpers--installation, maintenance, and repair workers","=""49-9098""","Line Item","0.1","0.0","0.1","0.1","0.0","0.1","0.0","4.6","844","4"
"Installation, maintenance, and repair workers, all other","=""49-9099""","Line Item","0.1","0.0","0.0","0.1","0.0","0.0","0.0","4.6","845","4"
"Production occupations","=""51-0000""","Summary","13.0","1.8","0.1","12.7","1.7","0.1","-0.3","-2.3","846","1"
"Supervisors of production workers","=""51-1000""","Summary","2.1","0.3","0.3","2.2","0.3","0.3","0.1","4.6","847","2"
"First-line supervisors of production and operating workers","=""51-1011""","Line Item","2.1","0.3","0.3","2.2","0.3","0.3","0.1","4.6","848","3"
"Assemblers and fabricators","=""51-2000""","Summary","2.5","0.3","0.1","2.3","0.3","0.1","-0.2","-9.2","849","2"
"Electrical, electronics, and electromechanical assemblers","=""51-2020""","Summary","0.9","0.1","0.3","0.9","0.1","0.3","0.0","4.6","851","3"
"Electrical, electronic, and electromechanical assemblers, except coil winders, tapers, and finishers","=""51-2028""","Line Item","0.9","0.1","0.3","0.9","0.1","0.3","0.0","4.6","853","4"
"Engine and other machine assemblers","=""51-2031""","Line Item","0.4","0.1","1.0","0.4","0.0","1.0","-0.1","-16.3","854","3"
"Miscellaneous assemblers and fabricators","=""51-2090""","Line Item","1.2","0.2","0.1","1.0","0.1","0.1","-0.2","-16.3","858","3"
"Metal workers and plastic workers","=""51-4000""","Summary","2.1","0.3","0.1","2.1","0.3","0.1","0.0","1.9","870","2"
"Machine tool cutting setters, operators, and tenders, metal and plastic","=""51-4030""","Summary","0.1","0.0","0.0","0.1","0.0","0.0","0.0","-6.5","875","3"
"Cutting, punching, and press machine setters, operators, and tenders, metal and plastic","=""51-4031""","Line Item","0.1","0.0","0.0","0.1","0.0","0.0","0.0","-5.8","876","4"
"Machinists","=""51-4041""","Line Item","1.1","0.1","0.3","1.1","0.1","0.3","0.0","4.6","881","3"
"Model makers and patternmakers, metal and plastic","=""51-4060""","Summary","0.1","0.0","1.4","0.1","0.0","1.5","0.0","-5.8","885","3"
"Model makers, metal and plastic","=""51-4061""","Line Item","0.1","0.0","2.4","0.1","0.0","2.5","0.0","-5.8","886","4"
"Molders and molding machine setters, operators, and tenders, metal and plastic","=""51-4070""","Summary","0.2","0.0","0.1","0.2","0.0","0.1","0.0","-5.8","888","3"
"Molding, coremaking, and casting machine setters, operators, and tenders, metal and plastic","=""51-4072""","Line Item","0.2","0.0","0.1","0.2","0.0","0.1","0.0","-5.8","890","4"
"Tool and die makers","=""51-4111""","Line Item","0.1","0.0","0.1","0.1","0.0","0.1","0.0","4.6","892","3"
"Welding, soldering, and brazing workers","=""51-4120""","Summary","0.2","0.0","0.0","0.2","0.0","0.0","0.0","3.7","893","3"
"Welders, cutters, solderers, and brazers","=""51-4121""","Line Item","0.2","0.0","0.0","0.2","0.0","0.0","0.0","4.6","894","4"
"Miscellaneous metal workers and plastic workers","=""51-4190""","Summary","0.1","0.0","0.1","0.1","0.0","0.1","0.0","-3.8","896","3"
"Plant and system operators","=""51-8000""","Summary","0.8","0.1","0.3","0.8","0.1","0.3","0.0","1.8","936","2"
"Power plant operators, distributors, and dispatchers","=""51-8010""","Summary","0.2","0.0","0.3","0.2","0.0","0.4","0.0","-5.6","937","3"
"Nuclear power reactor operators","=""51-8011""","Line Item","0.2","0.0","3.2","0.2","0.0","4.6","0.0","-5.8","938","4"
"Stationary engineers and boiler operators","=""51-8021""","Line Item","0.3","0.0","0.9","0.3","0.0","1.0","0.0","4.6","941","3"
"Miscellaneous plant and system operators","=""51-8090""","Summary","0.3","0.0","0.3","0.3","0.0","0.3","0.0","4.6","943","3"
"Chemical plant and system operators","=""51-8091""","Line Item","0.2","0.0","0.7","0.2","0.0","0.7","0.0","4.6","944","4"
"Other production occupations","=""51-9000""","Summary","5.4","0.7","0.2","5.2","0.7","0.2","-0.2","-4.2","948","2"
"Chemical processing machine setters, operators, and tenders","=""51-9010""","Summary","0.5","0.1","0.3","0.5","0.1","0.4","0.0","4.6","949","3"
"Chemical equipment operators and tenders","=""51-9011""","Line Item","0.2","0.0","0.2","0.2","0.0","0.2","0.0","4.6","950","4"
"Separating, filtering, clarifying, precipitating, and still machine setters, operators, and tenders","=""51-9012""","Line Item","0.3","0.0","0.5","0.3","0.0","0.5","0.0","4.6","951","4"
"Crushing, grinding, polishing, mixing, and blending workers","=""51-9020""","Summary","0.4","0.1","0.2","0.4","0.1","0.2","0.0","4.5","952","3"
"Mixing and blending machine setters, operators, and tenders","=""51-9023""","Line Item","0.4","0.1","0.3","0.4","0.1","0.3","0.0","4.6","955","4"
"Inspectors, testers, sorters, samplers, and weighers","=""51-9061""","Line Item","2.3","0.3","0.4","1.9","0.3","0.4","-0.4","-16.3","961","3"
"Dental and ophthalmic laboratory technicians and medical appliance technicians","=""51-9080""","Summary","0.1","0.0","0.1","0.1","0.0","0.1","0.0","4.6","963","3"
"Medical appliance technicians","=""51-9082""","Line Item","0.1","0.0","0.7","0.1","0.0","0.7","0.0","4.6","965","4"
"Packaging and filling machine operators and tenders","=""51-9111""","Line Item","0.6","0.1","0.2","0.7","0.1","0.2","0.0","4.6","967","3"
"Photographic process workers and processing machine operators","=""51-9151""","Line Item","0.1","0.0","0.5","0.1","0.0","0.6","0.0","4.6","972","3"
"Computer numerically controlled tool operators and programmers","=""51-9160""","Summary","0.1","0.0","0.1","0.1","0.0","0.1","0.0","6.8","973","3"
"Computer numerically controlled tool operators","=""51-9161""","Line Item","0.1","0.0","0.0","0.0","0.0","0.0","0.0","-5.8","974","4"
"Miscellaneous production workers","=""51-9190""","Summary","1.1","0.2","0.1","1.2","0.2","0.1","0.1","4.6","976","3"
"Helpers--production workers","=""51-9198""","Line Item","0.2","0.0","0.1","0.2","0.0","0.1","0.0","4.6","984","4"
"Production workers, all other","=""51-9199""","Line Item","0.8","0.1","0.3","0.8","0.1","0.3","0.0","4.6","985","4"
"Transportation and material moving occupations","=""53-0000""","Summary","3.7","0.5","0.0","3.9","0.5","0.0","0.2","4.6","986","1"
"Supervisors of transportation and material moving workers","=""53-1000""","Summary","0.2","0.0","0.0","0.2","0.0","0.0","0.0","4.6","987","2"
"First-line supervisors of transportation and material-moving workers, except aircraft cargo handling supervisors","=""53-1047""","Line Item","0.2","0.0","0.0","0.2","0.0","0.0","0.0","4.6","989","3"
"Air transportation workers","=""53-2000""","Summary","0.1","0.0","0.0","0.1","0.0","0.0","0.0","4.6","990","2"
"Aircraft pilots and flight engineers","=""53-2010""","Summary","0.1","0.0","0.1","0.1","0.0","0.1","0.0","4.6","991","3"
"Commercial pilots","=""53-2012""","Line Item","0.1","0.0","0.2","0.1","0.0","0.2","0.0","4.6","993","4"
"Motor vehicle operators","=""53-3000""","Summary","0.4","0.1","0.0","0.5","0.1","0.0","0.0","4.6","998","2"
"Driver/sales workers and truck drivers","=""53-3030""","Summary","0.3","0.0","0.0","0.3","0.0","0.0","0.0","4.6","1000","3"
"Heavy and tractor-trailer truck drivers","=""53-3032""","Line Item","0.2","0.0","0.0","0.2","0.0","0.0","0.0","4.6","1002","4"
"Light truck drivers","=""53-3033""","Line Item","0.1","0.0","0.0","0.1","0.0","0.0","0.0","4.6","1003","4"
"Passenger vehicle drivers","=""53-3050""","Summary","0.1","0.0","0.0","0.1","0.0","0.0","0.0","4.6","1004","3"
"Passenger vehicle drivers, except bus drivers, transit and intercity","=""53-3058""","Line Item","0.1","0.0","0.0","0.1","0.0","0.0","0.0","4.6","1006","4"
"Water transportation workers","=""53-5000""","Summary","0.3","0.0","0.4","0.3","0.0","0.4","0.0","4.6","1016","2"
"Sailors and marine oilers","=""53-5011""","Line Item","0.1","0.0","0.4","0.1","0.0","0.4","0.0","4.6","1017","3"
"Ship and boat captains and operators","=""53-5020""","Summary","0.1","0.0","0.3","0.1","0.0","0.3","0.0","4.6","1018","3"
"Captains, mates, and pilots of water vessels","=""53-5021""","Line Item","0.1","0.0","0.3","0.1","0.0","0.3","0.0","4.6","1019","4"
"Material moving workers","=""53-7000""","Summary","2.7","0.4","0.0","2.8","0.4","0.0","0.1","4.6","1030","2"
"Industrial truck and tractor operators","=""53-7051""","Line Item","0.1","0.0","0.0","0.1","0.0","0.0","0.0","4.6","1035","3"
"Laborers and freight, stock, and material movers, hand","=""53-7062""","Line Item","1.1","0.2","0.0","1.2","0.2","0.0","0.1","4.6","1038","4"
"Stockers and order fillers","=""53-7065""","Line Item","1.1","0.1","0.1","1.1","0.1","0.1","0.1","4.6","1041","4"